,Estimate,Std. Error,t value,Pr(>|t|),aic,N
(Intercept),-1.66093093799005,1.36393435434756,-1.21774991054064,0.234255636652931,46.0223459550135,30
”N—î,0.0127599518687218,0.0107462693285723,1.18738433577088,0.245811234880083,,
ŒŒˆ³,0.00158835397141574,0.00912094848158825,0.174143508717544,0.863101543124587,,
”xŠˆ—Ê,0.000445680298054653,0.000181335333257232,2.45776865461976,0.0209614261302547,,

