,Estimate,Std. Error,t value,Pr(>|t|),aic,N
(Intercept),0.596491228070174,2.60528636395494,0.228954189575027,0.825449848294687,57.4033718165742,9
x,0.235964912280702,0.0773885367606186,3.04909386012296,0.0186069495122433,,
